{
    "context": "client",
    "identifier": "com.pa.yaez.yaez_maps",
    "display_name": "Yaez' Maps",
    "description": "Maps created by me. This pack contains competetive aswell as custom fun maps.",
    "author": "Yaez",
    "version": "1",
    "build": "94684",
    "date": "2018-02-24",
    "signature": "not yet implemented",
    "forum": "",
    "icon": "https://i.imgur.com/hdEMPo9.png",
    "priority": 100,
    "enabled": true,
    "dependencies": [
        "com.pa.conundrum.cShareSystems"
    ],
    "url": "https://github.com/Alpha2546/andreasg_map_pack/archive/3b02ee2b1f138ac0ffa901111f0bb2738664f180.zip",
    "download": "https://cdn.secure.palobby.com/community-mods/downloads/nl.pa.andreasg.andreasg_map_pack.zip?token=cmMW_ntmlKrcDiMegjMNOA&expire=1519499264",
    "unitList": false,
    "fileSystem": false,
    "searchable": [
        "maps",
        "map",
        "pack",
        "mappack",
        "planet",
		"yaez",
		"competetive",
		"system",
		"1v1",
        "planets"
    ],
    "sort": "yaez' maps",
    "authors": [
        "yaez"
    ],
    "timestamp": 1471478400000,
    "companions": [],
    "scenes": {
        "load_planet": [
            "coui://ui/mods/yaez/maplist.js"
        ]
    },
    "framework": false,
    "available": true,
    "titansOnly": false,
    "classicOnly": false,
    "classic": false,
    "titans": false,
    "conflicts": {}
}